concatenatedName,TropicosNameID,id,cardinality,canonicalstem,canonicalsimple,canonicalfull,authorship,year,quality
Achnatherum × bloomeri (Bol.) Barkworth,25553273,ee145b8e-fd61-5f0c-b8cc-685f58f1416f,2,Achnatherum bloomer,Achnatherum bloomeri,Achnatherum × bloomeri,(Bol.) Barkworth,,2
Agave × ajoensis W.C. Hodgs.,50191874,1cc79153-d7ae-5505-9f2b-3ad0dc7cc48c,2,Agave aioens,Agave ajoensis,Agave × ajoensis,W.C. Hodgs.,,2
Agave × arizonica Gentry & J.H. Weber,1200373,a3e303d9-139b-5b20-9542-4b56e176682f,2,Agave arizonic,Agave arizonica,Agave × arizonica,Gentry & J.H. Weber,,2
Agave × glomeruliflora (Engelm.) A. Berger,1200380,d0719c20-5327-58ad-906d-c5a0c88e83b1,2,Agave glomeruliflor,Agave glomeruliflora,Agave × glomeruliflora,(Engelm.) A. Berger,,2
"Agave × madrensis Villarreal, Ram.-Gam. & A.E. Estrada",100457565,51e90b04-987a-5ab4-9136-0ebd9d8c0afd,2,Agave madrens,Agave madrensis,Agave × madrensis,"Villarreal, Ram.-Gam. & A.E. Estrada",,2
Agoseris × elata (Nutt.) Greene (pro sp.),2723693,666d931a-27c2-5abc-9396-6edc0a8ccd42,2,Agoseris elat,Agoseris elata,Agoseris × elata,(Nutt.) Greene,,4
Ambrosia × platyspina (Seaman) Strother & B.G. Baldwin,50244636,831ab68f-1339-53f7-80da-550be587e52c,2,Ambrosia platyspin,Ambrosia platyspina,Ambrosia × platyspina,(Seaman) Strother & B.G. Baldwin,,2
Anemia × paraphyllitidis Mickel,26600028,7753b8a5-4f65-5992-bf0d-d7f9545aac1e,2,Anemia paraphyllitid,Anemia paraphyllitidis,Anemia × paraphyllitidis,Mickel,,2
Apocynum × floribundum Greene,1804594,d78477a1-bbef-58b7-af82-176d3fec8258,2,Apocynum floribund,Apocynum floribundum,Apocynum × floribundum,Greene,,2
Asplenium × biscayneanum (D.C. Eaton) A.A. Eaton,26602482,356a4ccb-8f9c-5db7-adaa-b82f32596bf1,2,Asplenium biscaynean,Asplenium biscayneanum,Asplenium × biscayneanum,(D.C. Eaton) A.A. Eaton,,2
Asplenium × curtissii Underw.,26602490,416ee605-f31c-55e9-8376-a723d252c6ba,2,Asplenium curtiss,Asplenium curtissii,Asplenium × curtissii,Underw.,,2
Asplenium × heteroresiliens W.H. Wagner,26602501,9bd45ed4-2c13-546b-886c-6380884e4648,2,Asplenium heteroresiliens,Asplenium heteroresiliens,Asplenium × heteroresiliens,W.H. Wagner,,2
Asplenium × plenum E.P. St. John ex Small,26602525,bc6bee28-c101-5537-9087-f807c63d4909,2,Asplenium plen,Asplenium plenum,Asplenium × plenum,E.P. St. John ex Small,,2
Berlandiera × betonicifolia (Hook.) Small (pro sp.),2709559,6262f4b5-3737-50cd-b6c9-e44f2bc04475,2,Berlandiera betonicifol,Berlandiera betonicifolia,Berlandiera × betonicifolia,(Hook.) Small,,4
Berlandiera × humilis Small,2709560,25ba84da-c987-5be2-878f-3553c19e794f,2,Berlandiera humil,Berlandiera humilis,Berlandiera × humilis,Small,,2
Berlandiera × macrophylla (A. Gray) M.E. Jones,50257587,3e6fc006-9928-5a40-b6f3-05053571b9ea,2,Berlandiera macrophyll,Berlandiera macrophylla,Berlandiera × macrophylla,(A. Gray) M.E. Jones,,2
Bletia × tamayoana S. Rosillo ex R. Soltero,50182885,7be8d628-42ff-5e7c-8996-03e549fee408,2,Bletia tamayoan,Bletia tamayoana,Bletia × tamayoana,S. Rosillo ex R. Soltero,,2
Borrichia × cubana Britton & S.F. Blake,2701945,042edb45-56bf-5a63-8530-7609bbde2b9a,2,Borrichia cuban,Borrichia cubana,Borrichia × cubana,Britton & S.F. Blake,,2
Carex × cayouettei A. Bergeron,100399444,b0f262c8-7745-59fa-8b20-34d65aee3f0b,2,Carex cayouette,Carex cayouettei,Carex × cayouettei,A. Bergeron,,2
Cercidium × sonorae Rose & I.M. Johnst. ex I.M. Johnst.,13002218,b2d2de0a-5228-55d7-a5bb-922c9d8c34af,2,Cercidium sonor,Cercidium sonorae,Cercidium × sonorae,Rose & I.M. Johnst. ex I.M. Johnst.,,2
Chloris × subdolichostachya Müll. Hal.,25511794,274508ff-d6d6-5183-a81e-9cd0984a32f4,2,Chloris subdolichostachy,Chloris subdolichostachya,Chloris × subdolichostachya,Müll. Hal.,,2
Cladocolea × kuijtii Martínez-Ambr. & Cruz Durán,100447643,2d9eaad9-44de-540a-82e9-4b3241d877cc,2,Cladocolea kuiit,Cladocolea kuijtii,Cladocolea × kuijtii,Martínez-Ambr. & Cruz Durán,,2
Crataegus × atrorubens Ashe,50111779,41c6e0d1-c027-5043-83a7-fc47c02886b7,2,Crataegus atrorubens,Crataegus atrorubens,Crataegus × atrorubens,Ashe,,2
Crataegus × bicknellii (Eggl.) Eggl.,50080437,8095dc11-3caa-58a4-9b12-4e6c409f85a0,2,Crataegus bicknell,Crataegus bicknellii,Crataegus × bicknellii,(Eggl.) Eggl.,,2
Crataegus × cogswellii K.I. Chr. & T.A. Dickinson,100398018,ab270370-741d-5116-983f-763b5d240cca,2,Crataegus cogswell,Crataegus cogswellii,Crataegus × cogswellii,K.I. Chr. & T.A. Dickinson,,2
Crataegus × coleae Sarg.,27803235,300c9933-d805-55b2-834d-a191cb38c7f5,2,Crataegus cole,Crataegus coleae,Crataegus × coleae,Sarg.,,2
Crataegus × collicola Ashe,50134444,3398b929-a902-53fe-8640-e6a82bec996e,2,Crataegus collicol,Crataegus collicola,Crataegus × collicola,Ashe,,2
Crataegus × disperma Ashe,50134449,78d74065-f591-505a-ae9b-5b48d8760f38,2,Crataegus disperm,Crataegus disperma,Crataegus × disperma,Ashe,,2
Crataegus × dispessa Ashe,27803298,f0fe585b-cbcc-5841-aa40-6992179b70c6,2,Crataegus dispess,Crataegus dispessa,Crataegus × dispessa,Ashe,,2
Crataegus × fretalis Sarg.,50134454,ea94674a-eb28-5479-83cb-2b761ad6d415,2,Crataegus fretal,Crataegus fretalis,Crataegus × fretalis,Sarg.,,2
Crataegus × incaedua Sarg.,50134463,60392405-e6c6-5dcd-a236-bbef723b1558,2,Crataegus incaedu,Crataegus incaedua,Crataegus × incaedua,Sarg.,,2
Crataegus × kelloggii Sarg.,50134466,e31a7f67-c6b6-5c67-bc51-3b4215d3d032,2,Crataegus kellogg,Crataegus kelloggii,Crataegus × kelloggii,Sarg.,,2
Crataegus × latebrosa Sarg.,50003814,646e5908-c8e2-5d23-a2d5-3ebfb7eb1a1a,2,Crataegus latebros,Crataegus latebrosa,Crataegus × latebrosa,Sarg.,,2
Crataegus × lucorum Sarg.,50134478,6fd78091-4b68-5fb3-a837-73605613c1c9,2,Crataegus lucor,Crataegus lucorum,Crataegus × lucorum,Sarg.,,2
Crataegus × ninae-celottiae K.I. Chr. & T.A. Dickinson,100398015,8a4b316e-cf3f-5662-bda5-6f9835904515,2,Crataegus ninae-celotti,Crataegus ninae-celottiae,Crataegus × ninae-celottiae,K.I. Chr. & T.A. Dickinson,,2
Crataegus × rufula Sarg.,50278700,5922e452-79e2-5dd8-af2c-390e8d510811,2,Crataegus ruful,Crataegus rufula,Crataegus × rufula,Sarg.,,2
Crataegus × sicca Sarg.,27803230,6a96eb07-f749-5a9b-9f68-6b437beb842f,2,Crataegus sicc,Crataegus sicca,Crataegus × sicca,Sarg.,,2
Crataegus × vailiae Britton,50134499,4f1f3055-8ab3-5648-a73a-c9c36e59a6dd,2,Crataegus uaili,Crataegus vailiae,Crataegus × vailiae,Britton,,2
Cucurbita × scabridifolia L.H. Bailey,50303418,a92db412-f138-5424-ae26-f850a050965b,2,Cucurbita scabridifol,Cucurbita scabridifolia,Cucurbita × scabridifolia,L.H. Bailey,,2
Cylindropuntia × kelvinensis (V.E. Grant & K.A. Grant) P.V. Heath,50201253,18719790-93d2-5d2d-8b32-59c6fcb23f49,2,Cylindropuntia keluinens,Cylindropuntia kelvinensis,Cylindropuntia × kelvinensis,(V.E. Grant & K.A. Grant) P.V. Heath,,2
Cylindropuntia × tetracantha (Toumey) F.M. Knuth,5100970,f48f7aaa-4f13-592f-981b-44d67ddcd27f,2,Cylindropuntia tetracanth,Cylindropuntia tetracantha,Cylindropuntia × tetracantha,(Toumey) F.M. Knuth,,2
Desmodium × humifusum (Muhl. ex Bigelow) L.C. Beck,13018431,3094dd8a-8b91-59ef-a234-6e9b1fe9f997,2,Desmodium humifus,Desmodium humifusum,Desmodium × humifusum,(Muhl. ex Bigelow) L.C. Beck,,2
"Diplazium × subternatum Testo, Sundue & A. Vasco",100468864,9f01aae6-e6f5-5c10-b512-bff9e191931d,2,Diplazium subternat,Diplazium subternatum,Diplazium × subternatum,"Testo, Sundue & A. Vasco",,2
"Diplazium × torresianum Testo, Sundue & A. Vasco",100468863,149f36d6-741e-5f33-ba82-c01d9f86b58f,2,Diplazium torresian,Diplazium torresianum,Diplazium × torresianum,"Testo, Sundue & A. Vasco",,2
Diplazium × verapax (Donn. Sm.) Hieron.,26607155,14c2344e-a4b1-51c2-9a84-29b8e5f9531b,2,Diplazium uerapax,Diplazium verapax,Diplazium × verapax,(Donn. Sm.) Hieron.,,2
Echinocereus × roetteri (Engelm.) Rümpler,5105451,b8699835-9ab2-5458-bf88-8442f144ee08,2,Echinocereus roetter,Echinocereus roetteri,Echinocereus × roetteri,(Engelm.) Rümpler,,2
Elymus × cayouetteorum (B. Boivin) Barkworth,50301441,a1b5049a-fd3f-54ac-82b0-c8c38a29314c,2,Elymus cayouetteor,Elymus cayouetteorum,Elymus × cayouetteorum,(B. Boivin) Barkworth,,2
Elymus × ebingeri G.C. Tucker,50114727,a396570b-d5b1-52e8-8490-ed01918d568f,2,Elymus ebinger,Elymus ebingeri,Elymus × ebingeri,G.C. Tucker,,2
Elymus × hansenii Scribn.,25518034,5749e804-fb90-56be-9d62-8b0a8f3b5f47,2,Elymus hansen,Elymus hansenii,Elymus × hansenii,Scribn.,,2
Elymus × palmerensis (Lepage) Barkworth & D.R. Dewey,25551778,6307eda9-36b2-5a5b-80f8-07332b57dfdb,2,Elymus palmerens,Elymus palmerensis,Elymus × palmerensis,(Lepage) Barkworth & D.R. Dewey,,2
Elymus × pinalenoensis (Pyrah) Barkworth & D.R. Dewey,25551779,44a49818-45ba-5ada-8bc5-804321e78afa,2,Elymus pinalenoens,Elymus pinalenoensis,Elymus × pinalenoensis,(Pyrah) Barkworth & D.R. Dewey,,2
Elymus × pseudorepens (Scribn. & J.G. Sm.) Barkworth & D.R. Dewey,25546813,ffefa98d-1dc6-5ac2-9cf8-a5538ede9e7e,2,Elymus pseudorepens,Elymus pseudorepens,Elymus × pseudorepens,(Scribn. & J.G. Sm.) Barkworth & D.R. Dewey,,2
Elymus × saundersii Vasey,25518033,dc48781a-acd0-542c-b053-ad847cd02120,2,Elymus saunders,Elymus saundersii,Elymus × saundersii,Vasey,,2
Elymus × yukonensis (Scribn. & Merr.) Á. Löve,25511002,a4cdd020-4a21-5408-8d9a-45c8c9b5ff32,2,Elymus yukonens,Elymus yukonensis,Elymus × yukonensis,(Scribn. & Merr.) Á. Löve,,2
Encyclia × nizanburyi Pérez-García & Hágsater,100475753,696025e0-7622-5418-b6d3-27683c99624a,2,Encyclia nizanbury,Encyclia nizanburyi,Encyclia × nizanburyi,Pérez-García & Hágsater,,2
Equisetum × ferrissii Clute,26602004,deeeb290-d3b1-5e81-a76e-6f312fbab046,2,Equisetum ferriss,Equisetum ferrissii,Equisetum × ferrissii,Clute,,2
Equisetum × haukeanum Mickel & A.R. Sm.,50183945,d17b03e8-960a-5966-a49a-41503bc8c43d,2,Equisetum haukean,Equisetum haukeanum,Equisetum × haukeanum,Mickel & A.R. Sm.,,2
Equisetum × litorale Kühlew. ex Rupr.,26602008,b7bedc55-81bf-5ea2-891d-25e9096ad46a,2,Equisetum litoral,Equisetum litorale,Equisetum × litorale,Kühlew. ex Rupr.,,2
Equisetum × mackaii (Newman) Brichan,26615201,9d2bcc0a-9660-58ed-bd55-83fd5795bca6,2,Equisetum macka,Equisetum mackaii,Equisetum × mackaii,(Newman) Brichan,,2
Equisetum × nelsonii (A.A. Eaton) J.H. Schaffn.,26614186,9d6040b2-2a63-5fd7-a8b2-3ef04282d0d6,2,Equisetum nelson,Equisetum nelsonii,Equisetum × nelsonii,(A.A. Eaton) J.H. Schaffn.,,2
Eriogonum × ammei Reveal & Veilleux,100395549,c7781ab9-7ff9-5537-8abc-e4c12827c08d,2,Eriogonum amme,Eriogonum ammei,Eriogonum × ammei,Reveal & Veilleux,,2
Eupatorium × cordigerum (Fernald) Fernald,2713694,c6c81381-c688-5854-aab5-bba7b75bcc27,2,Eupatorium cordiger,Eupatorium cordigerum,Eupatorium × cordigerum,(Fernald) Fernald,,2
Eupatorium × pinnatifidum Elliott,2738501,570adf97-3eb9-5ddd-b48e-007111be1ffc,2,Eupatorium pinnatifid,Eupatorium pinnatifidum,Eupatorium × pinnatifidum,Elliott,,2
Eurybia × herveyi (A. Gray) G.L. Nesom,50009699,755025da-d02f-56b6-b714-0fe935472657,2,Eurybia heruey,Eurybia herveyi,Eurybia × herveyi,(A. Gray) G.L. Nesom,,2
Festuca × gonzalez-ledesmae Darbysh.,50324062,6ea1898c-e86a-5e0b-b79e-5852cbe4bf74,2,Festuca gonzalez-ledesm,Festuca gonzalez-ledesmae,Festuca × gonzalez-ledesmae,Darbysh.,,2
Festuca × miscella Darbysh.,50324061,7e9196ed-9b00-5234-b12a-3ea4d7de0c51,2,Festuca miscell,Festuca miscella,Festuca × miscella,Darbysh.,,2
Glyceria × occidentalis (Piper) J.C. Nelson,25516172,ba5d8d5c-ed37-5732-b76e-5c4937d79b49,2,Glyceria occidental,Glyceria occidentalis,Glyceria × occidentalis,(Piper) J.C. Nelson,,2
Helianthus × laetiflorus Pers.,2723605,95b81904-9ca6-531f-9120-50bdab741cef,2,Helianthus laetiflor,Helianthus laetiflorus,Helianthus × laetiflorus,Pers.,,2
Ipomoea × leucantha Jacq.,8502349,917a915e-c463-5dc1-83d7-365d3bca5325,2,Ipomoea leucanth,Ipomoea leucantha,Ipomoea × leucantha,Jacq.,,2
Ipomoea × multifida (Raf.) Shinners,8500731,c9f0d119-a468-5601-9d35-4df8c3784682,2,Ipomoea multifid,Ipomoea multifida,Ipomoea × multifida,(Raf.) Shinners,,2
Laelia × oaxacana Salazar & R. Jiménez,100447337,d7009638-0515-5d4b-906f-4d3890a1d549,2,Laelia oaxacan,Laelia oaxacana,Laelia × oaxacana,Salazar & R. Jiménez,,2
Lantana × strigocamara R.W. Sanders,100213110,bd2b6b04-b11e-5192-8605-0d63e40e335e,2,Lantana strigocamar,Lantana strigocamara,Lantana × strigocamara,R.W. Sanders,,2
Leucaena × brachycarpa Urb.,100447421,0fdf175d-a097-55c6-acd1-63e289ec0965,2,Leucaena brachycarp,Leucaena brachycarpa,Leucaena × brachycarpa,Urb.,,2
Leucaena × mixtec C.E. Hughes & S.A. Harris,50150676,1e6fc901-cb07-5e52-9130-e9c494b9d404,2,Leucaena mixtec,Leucaena mixtec,Leucaena × mixtec,C.E. Hughes & S.A. Harris,,2
Leymus × multiflorus (Gould) Barkworth & R.J. Atkins,25536911,fea2567a-2510-5431-84cd-e16039868d7c,2,Leymus multiflor,Leymus multiflorus,Leymus × multiflorus,(Gould) Barkworth & R.J. Atkins,,2
Leymus × vancouverensis (Vasey) Pilg.,25536902,463452a2-bd8c-562f-b5ec-f38f4879d3e7,2,Leymus uancouuerens,Leymus vancouverensis,Leymus × vancouverensis,(Vasey) Pilg.,,2
Lobelia × rogersii Bowden,50141495,8af9c1b6-190b-5466-8887-7e8b35504e05,2,Lobelia rogers,Lobelia rogersii,Lobelia × rogersii,Bowden,,2
Lophiaris × cicyi Cetzal & Carnevali,100477351,c0773274-9d05-5184-871b-8650efd94e91,2,Lophiaris cicy,Lophiaris cicyi,Lophiaris × cicyi,Cetzal & Carnevali,,2
Lophiaris × lindeoerstedii Cetzal & Carnevali,100477354,d0c91d88-56e2-5680-8395-81b214261fb4,2,Lophiaris lindeoersted,Lophiaris lindeoerstedii,Lophiaris × lindeoerstedii,Cetzal & Carnevali,,2
Lophiaris × lurilindenii Carnevali & Cetzal,100477359,03f6c7b6-ef05-5a55-b023-fd5821e02876,2,Lophiaris lurilinden,Lophiaris lurilindenii,Lophiaris × lurilindenii,Carnevali & Cetzal,,2
Lycopus × sherardii E.S. Steele,50142629,0f1a7908-13cb-5933-8f41-8f43aa9dc817,2,Lycopus sherard,Lycopus sherardii,Lycopus × sherardii,E.S. Steele,,2
Lysimachia × producta (A. Gray) Fernald,26400162,672b0ec9-eb21-5fdb-ab0d-cf1dc00411da,2,Lysimachia product,Lysimachia producta,Lysimachia × producta,(A. Gray) Fernald,,2
Maxillaria × yucatanensis Carnevali & R. Jiménez,50191608,e3819950-7512-59f5-93fa-1ebec0545938,2,Maxillaria yucatanens,Maxillaria yucatanensis,Maxillaria × yucatanensis,Carnevali & R. Jiménez,,2
Muhlenbergia × curtisetosa (Scribn.) Bush,50084469,09354472-fbb1-5366-99e2-0a7d5461a7fe,2,Muhlenbergia curtisetos,Muhlenbergia curtisetosa,Muhlenbergia × curtisetosa,(Scribn.) Bush,,2
Muhlenbergia × involuta Swallen,25512196,aff4f6d7-7398-5453-89b2-b32a95495b53,2,Muhlenbergia inuolut,Muhlenbergia involuta,Muhlenbergia × involuta,Swallen,,2
Nephrolepis × averyi Nauman,26602322,01c5975f-23a4-5fb8-8af4-63685df3db16,2,Nephrolepis auery,Nephrolepis averyi,Nephrolepis × averyi,Nauman,,2
Oclemena × blakei (Porter) G.L. Nesom,50203466,a5caed29-66b1-5479-b10b-8a790439b08b,2,Oclemena blake,Oclemena blakei,Oclemena × blakei,(Porter) G.L. Nesom,,2
Oncidium × oviedomotae Hágsater,100447472,ea9e345a-17d7-56d5-97fd-249ce338904e,2,Oncidium ouiedomot,Oncidium oviedomotae,Oncidium × oviedomotae,Hágsater,,2
"Opuntia × andersonii H.M. Hern., Gómez-Hin. & Bárcenas",50255233,d5f6b4b1-20b7-5ff8-83f8-5f53f76f389a,2,Opuntia anderson,Opuntia andersonii,Opuntia × andersonii,"H.M. Hern., Gómez-Hin. & Bárcenas",,2
Opuntia × columbiana Griffiths,50177004,b906a412-312b-5ef9-8caa-d62cce2a1db5,2,Opuntia columbian,Opuntia columbiana,Opuntia × columbiana,Griffiths,,2
Opuntia × curvispina Griffiths,5100060,afd633d6-b10f-53b3-919b-a0e44bdf3549,2,Opuntia curuispin,Opuntia curvispina,Opuntia × curvispina,Griffiths,,2
Opuntia × occidentalis Engelm. & J.M. Bigelow,5100945,a36762a1-bbcf-50da-90f7-6ef93d6d6685,2,Opuntia occidental,Opuntia occidentalis,Opuntia × occidentalis,Engelm. & J.M. Bigelow,,2
Opuntia × spinosibacca M.S. Anthony,5108222,3fe997e4-d03b-5aa0-803c-64907ba2cbd0,2,Opuntia spinosibacc,Opuntia spinosibacca,Opuntia × spinosibacca,M.S. Anthony,,2
Opuntia × vaseyi (J.M. Coult.) Britton & Rose (pro sp.),5100941,2b4c3e32-5ecb-576b-a3b6-5ef3feaaffa1,2,Opuntia uasey,Opuntia vaseyi,Opuntia × vaseyi,(J.M. Coult.) Britton & Rose,,4
Osmunda × ruggii R.M. Tryon,26602195,e8e63bbf-65ec-5a29-b5d6-94220e4c64ac,2,Osmunda rugg,Osmunda ruggii,Osmunda × ruggii,R.M. Tryon,,2
Parkinsonia × carterae Hawkins,50232976,53a59da6-21b4-5263-a8d2-608bb6583a44,2,Parkinsonia carter,Parkinsonia carterae,Parkinsonia × carterae,Hawkins,,2
Pectis × floridana D.J. Keil,2725056,dfc666da-2149-52b4-9de2-2d8daddca41b,2,Pectis floridan,Pectis floridana,Pectis × floridana,D.J. Keil,,2
Pellaea × oaxacana Mickel & Beitel,26621668,2ebd2c44-e20c-5189-ab11-c11c939b1782,2,Pellaea oaxacan,Pellaea oaxacana,Pellaea × oaxacana,Mickel & Beitel,,2
Phlox × glutinosa Buckley,25800394,31135745-353b-58d1-b526-8bfb4b3e715f,2,Phlox glutinos,Phlox glutinosa,Phlox × glutinosa,Buckley,,2
Phlox × procumbens Lehm.,100442288,2fd1ec1a-b3e2-5d8c-ab64-cc9d9444c504,2,Phlox procumbens,Phlox procumbens,Phlox × procumbens,Lehm.,,2
Phlox × rugelii Brand,100442290,7ad8e575-1ec4-5c49-ad12-70c562b230ed,2,Phlox rugel,Phlox rugelii,Phlox × rugelii,Brand,,2
Physalis × elliottii Kunze,29604191,0988a11c-6750-5fdc-9b8b-2dd8739cdf6f,2,Physalis elliott,Physalis elliottii,Physalis × elliottii,Kunze,,2
Pleopeltis × arreguiniae Tejero,100451509,b993e76d-68c9-5776-bedd-a9d684aa3241,2,Pleopeltis arreguini,Pleopeltis arreguiniae,Pleopeltis × arreguiniae,Tejero,,2
Pleopeltis × gracilis A. Rojas & Tejero,100451506,b83beddc-7c91-54a4-b2a4-21dffff6c438,2,Pleopeltis gracil,Pleopeltis gracilis,Pleopeltis × gracilis,A. Rojas & Tejero,,2
Pleopeltis × pueblensis A.B. Cerón & Tejero,100451507,a0fde062-e7c2-5734-8385-a3940445dbb4,2,Pleopeltis pueblens,Pleopeltis pueblensis,Pleopeltis × pueblensis,A.B. Cerón & Tejero,,2
Pleopeltis × tricholepis (Mickel & Beitel) T. Moore,100407923,6e7ca53d-3e4d-5e50-a4d6-7b1c9cbc8670,2,Pleopeltis tricholep,Pleopeltis tricholepis,Pleopeltis × tricholepis,(Mickel & Beitel) T. Moore,,2
Poa × gaspensis Fernald,25561623,45c0290a-c1ba-5063-b67b-7a1d94b8290f,2,Poa gaspens,Poa gaspensis,Poa × gaspensis,Fernald,,2
Poa × limosa Scribn. & T.A. Williams,25550310,b7a817a9-91c9-5bad-a0c0-b33cbac2e6e8,2,Poa limos,Poa limosa,Poa × limosa,Scribn. & T.A. Williams,,2
Poa × nematophylla Rydb.,25550225,972a494a-bcca-5d3e-ae43-3ba3fe516475,2,Poa nematophyll,Poa nematophylla,Poa × nematophylla,Rydb.,,2
Pteris × delchampsii W.H. Wagner & Nauman,26600313,83d20925-bdc6-5a76-a27b-4ce37481cd86,2,Pteris delchamps,Pteris delchampsii,Pteris × delchampsii,W.H. Wagner & Nauman,,2
Quercus × basaseachicensis C.H. Mull.,50040446,0cbacc6c-713d-510a-a49e-345f350c43da,2,Quercus basaseachicens,Quercus basaseachicensis,Quercus × basaseachicensis,C.H. Mull.,,2
Quercus × dysophylla Benth.,50004656,47017fdb-498e-51f0-a3cf-8e51674872ea,2,Quercus dysophyll,Quercus dysophylla,Quercus × dysophylla,Benth.,,2
Quercus × knoblochii C.H. Mull.,100250067,09225e1c-c4e2-51bd-928a-692e842a9e42,2,Quercus knobloch,Quercus knoblochii,Quercus × knoblochii,C.H. Mull.,,2
Quercus × lesueurii C.H. Mull.,100250070,3e233c67-4edb-504f-8332-df244c43a3f9,2,Quercus lesueur,Quercus lesueurii,Quercus × lesueurii,C.H. Mull.,,2
Quercus × pastorensis C.H. Mull.,50167762,2b91f87e-aa9a-52dc-8415-80b434d717b6,2,Quercus pastorens,Quercus pastorensis,Quercus × pastorensis,C.H. Mull.,,2
Salix × wrightii Andersson,28301712,8dfea48f-b47d-5960-9f90-ffdf2b07eb51,2,Salix wright,Salix wrightii,Salix × wrightii,Andersson,,2
Salvia × bernardina Parish ex Greene,17603060,9020b6ca-ae9b-5325-9987-74816d6fdfab,2,Salvia bernardin,Salvia bernardina,Salvia × bernardina,Parish ex Greene,,2
Salvia × palmeri A. Gray,17601719,b196ef43-ef48-58f5-a28e-37f8645fc713,2,Salvia palmer,Salvia palmeri,Salvia × palmeri,A. Gray,,2
Sanicula × hoffmannii (Munz) R.H. Shan & Constance,1701011,2f6ddbb7-a197-5906-a8b1-13767b14d7cd,2,Sanicula hoffmann,Sanicula hoffmannii,Sanicula × hoffmannii,(Munz) R.H. Shan & Constance,,2
Senegalia × anisophylla (S. Watson) Britton & Rose,13006599,dee65665-0b9f-5d06-95d9-384186b9bbf1,2,Senegalia anisophyll,Senegalia anisophylla,Senegalia × anisophylla,(S. Watson) Britton & Rose,,2
Senegalia × emoryana (Benth.) Britton & Rose,13006613,2c1b4aa3-3f48-5e17-b4b2-415c15bcf07c,2,Senegalia emoryan,Senegalia emoryana,Senegalia × emoryana,(Benth.) Britton & Rose,,2
"Senegalia × turneri Seigler, Ebinger & C.E. Glass",100384986,b1bf82bb-c37e-50b6-a339-4abc4069133e,2,Senegalia turner,Senegalia turneri,Senegalia × turneri,"Seigler, Ebinger & C.E. Glass",,2
"Senegalia × turneri Seigler, Ebinger & C.E. Glass",100384986,b1bf82bb-c37e-50b6-a339-4abc4069133e,2,Senegalia turner,Senegalia turneri,Senegalia × turneri,"Seigler, Ebinger & C.E. Glass",,2
"Senegalia × turneri Seigler, Ebinger & C.E. Glass",100472301,b1bf82bb-c37e-50b6-a339-4abc4069133e,2,Senegalia turner,Senegalia turneri,Senegalia × turneri,"Seigler, Ebinger & C.E. Glass",,2
"Senegalia × turneri Seigler, Ebinger & C.E. Glass",100472301,b1bf82bb-c37e-50b6-a339-4abc4069133e,2,Senegalia turner,Senegalia turneri,Senegalia × turneri,"Seigler, Ebinger & C.E. Glass",,2
Spiraea × hitchcockii W.J. Hess & Stoynoff,50214039,60d9f406-34ee-5e75-b423-93bed9630aec,2,Spiraea hitchcock,Spiraea hitchcockii,Spiraea × hitchcockii,W.J. Hess & Stoynoff,,2
Spiraea × pyramidata Greene,27801447,d2fe753b-70b7-5b3b-9a01-e551d735243e,2,Spiraea pyramidat,Spiraea pyramidata,Spiraea × pyramidata,Greene,,2
Sporobolus × eatonianus P.M. Peterson & Saarela,100408199,baa162ef-4f1d-5010-9e18-372771110f8f,2,Sporobolus eatonian,Sporobolus eatonianus,Sporobolus × eatonianus,P.M. Peterson & Saarela,,2
Symphyotrichum × amethystinum (Nutt.) G.L. Nesom,50112563,2d12f74f-428d-53f7-951e-a5ee6cc42608,2,Symphyotrichum amethystin,Symphyotrichum amethystinum,Symphyotrichum × amethystinum,(Nutt.) G.L. Nesom,,2
Tillandsia × cuchnichim R. Guess & V. Guess,100268606,daca1598-f8d8-50a6-aa86-500fde0361f8,2,Tillandsia cuchnichim,Tillandsia cuchnichim,Tillandsia × cuchnichim,R. Guess & V. Guess,,2
Tillandsia × floridana (L.B. Sm.) H. Luther,50007201,316c15a3-7be0-5c10-82bd-6c5ea3e70d0c,2,Tillandsia floridan,Tillandsia floridana,Tillandsia × floridana,(L.B. Sm.) H. Luther,,2
"Tillandsia × jaguactalensis I. Ramírez, Carnevali & F. Chia",50287262,89f06df2-622d-535b-bc8d-436f3b83a59a,2,Tillandsia iaguactalens,Tillandsia jaguactalensis,Tillandsia × jaguactalensis,"I. Ramírez, Carnevali & F. Chia",,2
Tillandsia × marceloi Takiz. & Koide,100268610,f094826e-eb29-561a-85a5-60d6813229a3,2,Tillandsia marcelo,Tillandsia marceloi,Tillandsia × marceloi,Takiz. & Koide,,2
Tillandsia × nidus Rauh & C.O. Lehm.,100268611,06780fab-d11e-574f-8775-52791582bd24,2,Tillandsia nid,Tillandsia nidus,Tillandsia × nidus,Rauh & C.O. Lehm.,,2
Tillandsia × rectifolia C.A. Wiley,50007204,58943816-ab80-5755-8f15-44f1bd89410c,2,Tillandsia rectifol,Tillandsia rectifolia,Tillandsia × rectifolia,C.A. Wiley,,2
Tillandsia × smalliana H. Luther,4302421,7b91b69e-ab44-5641-8f2c-f643c1855609,2,Tillandsia smallian,Tillandsia smalliana,Tillandsia × smalliana,H. Luther,,2
"Trichocentrum × teaboanum (R. Jiménez, Carnevali & Tapia-Muñoz) R. Jiménez & Carnevali",50265503,b6d5b8d7-259c-5a02-b049-d360b925939a,2,Trichocentrum teaboan,Trichocentrum teaboanum,Trichocentrum × teaboanum,"(R. Jiménez, Carnevali & Tapia-Muñoz) R. Jiménez & Carnevali",,2
Vachellia × cedilloi (L. Rico) Seigler & Ebinger,50294101,5101020d-b8c5-5024-8522-f6f552f178a6,2,Vachellia cedillo,Vachellia cedilloi,Vachellia × cedilloi,(L. Rico) Seigler & Ebinger,,2
Vachellia × ruthvenii Seigler & Ebinger,100446360,0a6f800c-7f1f-5264-a4de-bcda825a3f12,2,Vachellia ruthuen,Vachellia ruthvenii,Vachellia × ruthvenii,Seigler & Ebinger,,2
Vachellia × standleyi (Saff.) Seigler & Ebinger,50294151,739490a7-69c4-5b3d-9cbb-d7f9dd6b4d9e,2,Vachellia standley,Vachellia standleyi,Vachellia × standleyi,(Saff.) Seigler & Ebinger,,2
Vachellia × ziggyi Seigler & Ebinger,100471111,7e1c415a-b76e-5b31-982e-233601053e47,2,Vachellia ziggy,Vachellia ziggyi,Vachellia × ziggyi,Seigler & Ebinger,,2
Vitis × champinii Planch.,34000890,773dd8e0-e9db-5aff-a2e1-0b7f464ca6e3,2,Vitis champin,Vitis champinii,Vitis × champinii,Planch.,,2
Vitis × doaniana Munson ex Viala,34000891,460b255b-bfe6-5923-a0e6-c4da5e3f5f84,2,Vitis doanian,Vitis doaniana,Vitis × doaniana,Munson ex Viala,,2
Vitis × novae-angliae Fernald,34000210,fe66d917-0297-5ec8-a888-ff58c5120e70,2,Vitis nouae-angli,Vitis novae-angliae,Vitis × novae-angliae,Fernald,,2
Washingtonia × filibusta hort. ex Hodel,100400234,735af85e-49af-5a8c-b659-8c2862df5bb8,2,Washingtonia filibust,Washingtonia filibusta,Washingtonia × filibusta,,,4
Wisteria × formosa Rehder,13064619,30a65be9-bf44-550e-abdc-4c5e13bf495e,2,Wisteria formos,Wisteria formosa,Wisteria × formosa,Rehder,,2
× Achnella caduca (Beal) Barkworth,50089730,d2cf604a-1993-596d-85e8-490f436b76aa,2,Achnella caduc,Achnella caduca,× Achnella caduca,(Beal) Barkworth,,2
× Agropogon lutosus (Poir.) P. Fourn.,25557959,749760e1-0a04-5973-9314-de10a3124fc1,2,Agropogon lutos,Agropogon lutosus,× Agropogon lutosus,(Poir.) P. Fourn.,,2
× Arctodupontia scleroclada (Rupr.) Tzvelev,25535921,11e1f964-48ba-570a-9cfa-8ff85ad0ffa9,2,Arctodupontia scleroclad,Arctodupontia scleroclada,× Arctodupontia scleroclada,(Rupr.) Tzvelev,,2
× Dupoa labradorica (Steud.) J. Cay. & Darbysh.,25560844,0e3c807d-fc46-5e27-ab85-6dcb7f869b93,2,Dupoa labradoric,Dupoa labradorica,× Dupoa labradorica,(Steud.) J. Cay. & Darbysh.,,2
× Elyhordeum arcuatum W.W. Mitch. & H.J. Hodgs.,25535924,6a5f0926-7da0-57e6-b605-e60e2f3b3d81,2,Elyhordeum arcuat,Elyhordeum arcuatum,× Elyhordeum arcuatum,W.W. Mitch. & H.J. Hodgs.,,2
× Elyhordeum californicum (Bowden) Barkworth,50218941,47f76fae-2375-58c1-ae8b-19df862db518,2,Elyhordeum californic,Elyhordeum californicum,× Elyhordeum californicum,(Bowden) Barkworth,,2
× Elyhordeum dakotense (Bowden) Bowden,25547520,891c0864-f289-54c7-af20-fde083e34660,2,Elyhordeum dakotens,Elyhordeum dakotense,× Elyhordeum dakotense,(Bowden) Bowden,,2
× Elyhordeum iowense R.W. Pohl,25547522,98cc48c0-8ad0-53c4-89de-f569ca56c6e8,2,Elyhordeum iowens,Elyhordeum iowense,× Elyhordeum iowense,R.W. Pohl,,2
× Elyhordeum jordalii (Melderis) Tzvelev,25535927,74ad91b9-2ce9-5a52-8b82-e0ca2bd12f84,2,Elyhordeum iordal,Elyhordeum jordalii,× Elyhordeum jordalii,(Melderis) Tzvelev,,2
× Elyhordeum macounii (Vasey) Barkworth & D.R. Dewey,25546787,c2521843-ca07-53e3-9349-050195c3fb9f,2,Elyhordeum macoun,Elyhordeum macounii,× Elyhordeum macounii,(Vasey) Barkworth & D.R. Dewey,,2
× Elyhordeum montanense (Scribn. ex Beal) Bowden,25511935,64fd6277-9e08-5ba3-96f1-d5492d8ae01b,2,Elyhordeum montanens,Elyhordeum montanense,× Elyhordeum montanense,(Scribn. ex Beal) Bowden,,2
× Elyhordeum pilosilemma (W.W. Mitch. & H.J. Hodgs.) Barkworth,50219691,0b99e7c7-aca7-56ff-a4c5-e0cc774fabd6,2,Elyhordeum pilosilemm,Elyhordeum pilosilemma,× Elyhordeum pilosilemma,(W.W. Mitch. & H.J. Hodgs.) Barkworth,,2
× Elyhordeum schaackianum (Bowden) Bowden,25511937,c24e78b0-af16-55e9-b6ff-b8cb6e8a1df7,2,Elyhordeum schaackian,Elyhordeum schaackianum,× Elyhordeum schaackianum,(Bowden) Bowden,,2
× Elyhordeum stebbinsianum (Bowden) Bowden,25511938,0d28e892-5a71-5335-beb7-2954cd0e2ff2,2,Elyhordeum stebbinsian,Elyhordeum stebbinsianum,× Elyhordeum stebbinsianum,(Bowden) Bowden,,2
× Hemionanthes gryphus (Mickel) Mickel,50235359,3d6df14b-24d3-5aaf-a800-315f26a1313d,2,Hemionanthes gryph,Hemionanthes gryphus,× Hemionanthes gryphus,(Mickel) Mickel,,2
× Pachebergia apicostata S. Arias & Terrazas,100447539,c381f18c-b633-519a-b6b0-3e0e9c6a1be4,2,Pachebergia apicostat,Pachebergia apicostata,× Pachebergia apicostata,S. Arias & Terrazas,,2
× Pascoleymus bowdenii (B. Boivin) Barkworth,50301446,78461739-3dec-5d2e-bcd5-5993a7d8649a,2,Pascoleymus bowden,Pascoleymus bowdenii,× Pascoleymus bowdenii,(B. Boivin) Barkworth,,2
× Polascontria huajuapensis Y. Cruz & S. Vázquez,100475698,1e256e15-d3d9-5817-933b-58e7a09adbc8,2,Polascontria huaiuapens,Polascontria huajuapensis,× Polascontria huajuapensis,Y. Cruz & S. Vázquez,,2
× Pseudelymus saxicola (Scribn. & J.G. Sm.) Barkworth & D.R. Dewey,50085816,4edecca5-19ff-53ba-bfc7-b8716be714af,2,Pseudelymus saxicol,Pseudelymus saxicola,× Pseudelymus saxicola,(Scribn. & J.G. Sm.) Barkworth & D.R. Dewey,,2
× Pucciphippsia vacillans (Th. Fr.) Tzvelev,25535944,02bc3fdb-e366-5751-b55a-f14668240d5d,2,Pucciphippsia uacillans,Pucciphippsia vacillans,× Pucciphippsia vacillans,(Th. Fr.) Tzvelev,,2
